Row,rho,dW
Artificial 2,0.199405202260373,4.90349794333626
Artificial 1,-0.352468042849589,3.39955844276662
Estimated,-0.6451385,-0.383779007680729
